Model,Accuracy,Precision,Recall,F1 Score,False Positive Rate
LGBM,0.9985532990275972,0.9939495097016482,0.9978008168394596,0.9958714397700549,0.0012872297927116162
