Model,Accuracy,Precision,Recall,F1 Score,False Positive Rate
XGB,0.9973541240386651,0.9910842680471671,0.9945165945165945,0.992797464707577,0.002008769466704106
