Model,Accuracy,Precision,Recall,F1 Score,False Positive Rate
XGB,0.9986999940908823,0.9953357458785685,0.9975820101555574,0.9964576121085259,0.001049109161617075
SVC,0.9676180346274301,0.895592905274572,0.93197388570968,0.9134212813018406,0.0243827439631003
KNN,0.9877238078354902,0.9664732430689877,0.96655114048521,0.9665121902075358,0.007524645021253505
LGBM,0.9989659043904745,0.9958202716823407,0.9985492060933344,0.9971828718609144,0.0009405806276566881
Adaboost,0.9898510902322283,0.9859038142620232,0.958329975014105,0.9719213634691626,0.003074975128877634
Logistic Regression,0.9392985877208533,0.8675584691708008,0.7893124848875634,0.8265878877400296,0.02704169304512978
Decision Tree,0.9973704425929208,0.992747199613184,0.9929072297896349,0.9928272082527402,0.0016279280094058063
Random Forest,0.9976658984813568,0.9954696221988513,0.9917788345288949,0.9936208010335917,0.0010129329836302795
MLP,0.9875760798912723,0.9562164720732093,0.9769484968163133,0.966471315233425,0.010038889391335805
