Model,Accuracy,Precision,Recall,F1 Score,False Positive Rate
XGB,0.9832168790245239,0.9653448850383206,0.9535878867676103,0.9594303692664349,0.008996539792387544
