Model,Accuracy,Precision,Recall,F1 Score,False Positive Rate
XGB,0.9935779233165893,0.9808872929456736,0.9956496178718401,0.9882133271093476,0.007189855767135823
