Model,Accuracy,Precision,Recall,F1 Score,False Positive Rate
XGB,0.9979016977173014,0.9949560117302053,0.9972957084068195,0.9961244862008221,0.0018737199877990327
SVC,0.9639473516881796,0.9496157130657558,0.9152263374485596,0.9321039396479464,0.01799642685955815
KNN,0.986424620080117,0.9731724461105904,0.9767195767195768,0.9749427850478258,0.009978648307115779
LGBM,0.9973612259172124,0.9934380126552613,0.9968253968253968,0.9951288221139738,0.002440193472482461
Adaboost,0.9787626375023845,0.9737637528714786,0.9469723691945914,0.9601812112541727,0.009455749705869538
Logistic Regression,0.9166719654098048,0.8624938393297191,0.823045267489712,0.8423079237109681,0.04862956991590048
Decision Tree,0.9930056590576716,0.987410283562772,0.9867136978248089,0.9870618677958127,0.004662512527778988
Random Forest,0.9965664144464933,0.9941155702012475,0.9931804820693709,0.9936478061404541,0.0021787441718593404
MLP,0.9848667895975075,0.9726833863181443,0.9713109935332157,0.9719967054947641,0.010109372957427339
